"";"newspaper";"year";"page_position";"scale";"date";"edition";"page_number";"page_url";"image_url";"image_path"
"1";"correo";"2020";"interior";"80";2020-04-23;"default";9;"https://t.prcdn.co/img?file=eagb2020042300000000001001&page=9&scale=80";"https://t.prcdn.co/img?file=eagb2020042300000000001001&page=9&scale=80";"data/raw/images/correo/2020/04/23/correo_2020-04-23_9.jpg"
"2";"correo";"2025";"interior";"78";2025-08-04;"default";10;"https://t.prcdn.co/img?file=eagb2025080400000000001001&page=10&scale=78";"https://t.prcdn.co/img?file=eagb2025080400000000001001&page=10&scale=78";"data/raw/images/correo/2025/08/04/correo_2025-08-04_10.jpg"
"3";"correo";"2020";"front";"80";2020-08-03;"default";1;"https://t.prcdn.co/img?file=eagb2020080300000000001001&page=1&scale=80";"https://t.prcdn.co/img?file=eagb2020080300000000001001&page=1&scale=80";"data/raw/images/correo/2020/08/03/correo_2020-08-03_1.jpg"
"4";"correo";"2018";"front";NA;2018-03-19;"default";1;NA;NA;NA
"5";"correo";"2022";"back";"78";2022-11-23;"default";20;"https://t.prcdn.co/img?file=eagb2022112300000000001001&page=20&scale=78";"https://t.prcdn.co/img?file=eagb2022112300000000001001&page=20&scale=78";"data/raw/images/correo/2022/11/23/correo_2022-11-23_20.jpg"
"6";"correo";"2021";"back";"80";2021-05-03;"default";20;"https://t.prcdn.co/img?file=eagb2021050300000000001001&page=20&scale=80";"https://t.prcdn.co/img?file=eagb2021050300000000001001&page=20&scale=80";"data/raw/images/correo/2021/05/03/correo_2021-05-03_20.jpg"
"7";"correo";"2016";"interior";NA;2016-10-11;"default";16;NA;NA;NA
"8";"correo";"2021";"interior";"80";2021-04-23;"default";3;"https://t.prcdn.co/img?file=eagb2021042300000000001001&page=3&scale=80";"https://t.prcdn.co/img?file=eagb2021042300000000001001&page=3&scale=80";"data/raw/images/correo/2021/04/23/correo_2021-04-23_3.jpg"
"9";"correo";"2015";"front";NA;2015-09-11;"default";1;NA;NA;NA
"10";"correo";"2022";"interior";"78";2022-11-05;"default";5;"https://t.prcdn.co/img?file=eagb2022110500000000001001&page=5&scale=78";"https://t.prcdn.co/img?file=eagb2022110500000000001001&page=5&scale=78";"data/raw/images/correo/2022/11/05/correo_2022-11-05_5.jpg"
"11";"elcomercio";"2016";"interior";"200";2016-06-03;"default";46;"https://i.prcdn.co/img?file=eaaj2016060300000000001001&page=46&scale=200&ticket=AIerX1uZFM0u1mG2768GvIc%3D";"https://i.prcdn.co/img?file=eaaj2016060300000000001001&page=46&scale=50&ticket=AIerX1uZFM0u1mG2768GvIc%3D";"data/raw/images/elcomercio/2016/06/03/elcomercio_2016-06-03_46.jpg"
"12";"elcomercio";"2015";"front";"200";2015-04-23;"default";1;"https://t.prcdn.co/img?file=eaaj2015042300000000001001&page=1&scale=200";"https://t.prcdn.co/img?file=eaaj2015042300000000001001&page=1&scale=50";"data/raw/images/elcomercio/2015/04/23/elcomercio_2015-04-23_1.jpg"
"13";"elcomercio";"2017";"interior";"200";2017-12-31;"default";21;"https://i.prcdn.co/img?file=eaaj2017123100000000001001&page=21&scale=200&ticket=APWoSptfKSIVjCHbme1QzVM%3D";"https://i.prcdn.co/img?file=eaaj2017123100000000001001&page=21&scale=50&ticket=APWoSptfKSIVjCHbme1QzVM%3D";"data/raw/images/elcomercio/2017/12/31/elcomercio_2017-12-31_21.jpg"
"14";"elcomercio";"2025";"front";NA;2025-11-02;"default";1;NA;NA;NA
"15";"elcomercio";"2024";"front";NA;2024-05-12;"default";1;NA;NA;NA
"16";"elcomercio";"2021";"interior";NA;2021-04-21;"default";6;NA;NA;NA
"17";"elcomercio";"2015";"back";"200";2015-05-19;"default";38;"https://i.prcdn.co/img?file=eaaj2015051900000000001001&page=38&scale=200&ticket=AIIgbZ%2FqmSPzD3gWyPzxbEM%3D";"https://i.prcdn.co/img?file=eaaj2015051900000000001001&page=38&scale=50&ticket=AIIgbZ%2FqmSPzD3gWyPzxbEM%3D";"data/raw/images/elcomercio/2015/05/19/elcomercio_2015-05-19_38.jpg"
"18";"elcomercio";"2024";"interior";NA;2024-02-24;"default";9;NA;NA;NA
"19";"elcomercio";"2023";"front";NA;2023-11-30;"default";1;NA;NA;NA
"20";"elcomercio";"2021";"front";NA;2021-10-06;"default";1;NA;NA;NA
"21";"gestion";"2023";"back";"80";2023-05-17;"default";19;"https://t.prcdn.co/img?file=eag62023051700000000001001&page=19&scale=80";"https://t.prcdn.co/img?file=eag62023051700000000001001&page=19&scale=80";"data/raw/images/gestion/2023/05/17/gestion_2023-05-17_19.jpg"
"22";"gestion";"2021";"front";"80";2021-08-23;"default";1;"https://t.prcdn.co/img?file=eag62021082300000000001001&page=1&scale=80";"https://t.prcdn.co/img?file=eag62021082300000000001001&page=1&scale=80";"data/raw/images/gestion/2021/08/23/gestion_2021-08-23_1.jpg"
"23";"gestion";"2018";"front";NA;2018-06-01;"default";1;NA;NA;NA
"24";"gestion";"2024";"front";"80";2024-02-16;"default";1;"https://t.prcdn.co/img?file=eag62024021600000000001001&page=1&scale=80";"https://t.prcdn.co/img?file=eag62024021600000000001001&page=1&scale=80";"data/raw/images/gestion/2024/02/16/gestion_2024-02-16_1.jpg"
"25";"gestion";"2019";"interior";NA;2019-07-12;"default";6;NA;NA;NA
"26";"gestion";"2016";"back";NA;2016-01-04;"default";32;NA;NA;NA
"27";"gestion";"2017";"interior";NA;2017-02-14;"default";19;NA;NA;NA
"28";"gestion";"2013";"back";NA;2013-08-22;"default";32;NA;NA;NA
"29";"gestion";"2015";"front";NA;2015-01-30;"default";1;NA;NA;NA
"30";"gestion";"2017";"back";NA;2017-06-14;"default";32;NA;NA;NA
"31";"ojo";"2025";"back";"80";2025-03-02;"default";20;"https://t.prcdn.co/img?file=eags2025030200000000001001&page=20&scale=80";"https://t.prcdn.co/img?file=eags2025030200000000001001&page=20&scale=80";"data/raw/images/ojo/2025/03/02/ojo_2025-03-02_20.jpg"
"32";"ojo";"2023";"back";"80";2023-07-20;"default";20;"https://t.prcdn.co/img?file=eags2023072000000000001001&page=20&scale=80";"https://t.prcdn.co/img?file=eags2023072000000000001001&page=20&scale=80";"data/raw/images/ojo/2023/07/20/ojo_2023-07-20_20.jpg"
"33";"ojo";"2022";"back";"80";2022-12-28;"default";20;"https://t.prcdn.co/img?file=eags2022122800000000001001&page=20&scale=80";"https://t.prcdn.co/img?file=eags2022122800000000001001&page=20&scale=80";"data/raw/images/ojo/2022/12/28/ojo_2022-12-28_20.jpg"
"34";"ojo";"2022";"interior";"80";2022-04-06;"default";10;"https://t.prcdn.co/img?file=eags2022040600000000001001&page=10&scale=80";"https://t.prcdn.co/img?file=eags2022040600000000001001&page=10&scale=80";"data/raw/images/ojo/2022/04/06/ojo_2022-04-06_10.jpg"
"35";"ojo";"2018";"interior";NA;2018-12-24;"default";21;NA;NA;NA
"36";"ojo";"2016";"back";NA;2016-03-07;"default";24;NA;NA;NA
"37";"ojo";"2020";"interior";"80";2020-09-08;"default";15;"https://t.prcdn.co/img?file=eags2020090800000000001001&page=15&scale=80";"https://t.prcdn.co/img?file=eags2020090800000000001001&page=15&scale=80";"data/raw/images/ojo/2020/09/08/ojo_2020-09-08_15.jpg"
"38";"ojo";"2025";"interior";"80";2025-11-25;"default";16;"https://t.prcdn.co/img?file=eags2025112500000000001001&page=16&scale=80";"https://t.prcdn.co/img?file=eags2025112500000000001001&page=16&scale=80";"data/raw/images/ojo/2025/11/25/ojo_2025-11-25_16.jpg"
"39";"ojo";"2026";"interior";"80";2026-01-30;"default";19;"https://t.prcdn.co/img?file=eags2026013000000000001001&page=19&scale=80";"https://t.prcdn.co/img?file=eags2026013000000000001001&page=19&scale=80";"data/raw/images/ojo/2026/01/30/ojo_2026-01-30_19.jpg"
"40";"ojo";"2024";"interior";"80";2024-05-25;"default";4;"https://t.prcdn.co/img?file=eags2024052500000000001001&page=4&scale=80";"https://t.prcdn.co/img?file=eags2024052500000000001001&page=4&scale=80";"data/raw/images/ojo/2024/05/25/ojo_2024-05-25_4.jpg"
"41";"peru21";"2017";"back";NA;2017-06-21;"default";28;NA;NA;NA
"42";"peru21";"2016";"front";NA;2016-05-13;"default";1;NA;NA;NA
"43";"peru21";"2015";"interior";NA;2015-06-17;"default";18;NA;NA;NA
"44";"peru21";"2018";"front";NA;2018-01-12;"default";1;NA;NA;NA
"45";"peru21";"2022";"interior";"80";2022-09-12;"default";8;"https://t.prcdn.co/img?file=eag12022091200000000001001&page=8&scale=80";"https://t.prcdn.co/img?file=eag12022091200000000001001&page=8&scale=80";"data/raw/images/peru21/2022/09/12/peru21_2022-09-12_8.jpg"
"46";"peru21";"2023";"front";"80";2023-01-26;"default";1;"https://t.prcdn.co/img?file=eag12023012600000000001001&page=1&scale=80";"https://t.prcdn.co/img?file=eag12023012600000000001001&page=1&scale=80";"data/raw/images/peru21/2023/01/26/peru21_2023-01-26_1.jpg"
"47";"peru21";"2021";"interior";"80";2021-08-02;"default";8;"https://t.prcdn.co/img?file=eag12021080200000000001001&page=8&scale=80";"https://t.prcdn.co/img?file=eag12021080200000000001001&page=8&scale=80";"data/raw/images/peru21/2021/08/02/peru21_2021-08-02_8.jpg"
"48";"peru21";"2023";"back";"80";2023-01-22;"default";20;"https://t.prcdn.co/img?file=eag12023012200000000001001&page=20&scale=80";"https://t.prcdn.co/img?file=eag12023012200000000001001&page=20&scale=80";"data/raw/images/peru21/2023/01/22/peru21_2023-01-22_20.jpg"
"49";"peru21";"2019";"front";NA;2019-12-22;"default";1;NA;NA;NA
"50";"peru21";"2017";"front";NA;2017-05-20;"default";1;NA;NA;NA
"51";"trome";"2014";"back";NA;2014-10-07;"default";32;NA;NA;NA
"52";"trome";"2020";"interior";"80";2020-04-27;"default";3;"https://t.prcdn.co/img?file=eag82020042700000000001001&page=3&scale=80";"https://t.prcdn.co/img?file=eag82020042700000000001001&page=3&scale=80";"data/raw/images/trome/2020/04/27/trome_2020-04-27_3.jpg"
"53";"trome";"2015";"interior";NA;2015-01-01;"default";9;NA;NA;NA
"54";"trome";"2014";"front";NA;NA;"default";1;NA;NA;NA
"55";"trome";"2024";"front";"80";2024-07-12;"default";1;"https://t.prcdn.co/img?file=eag82024071200000000001001&page=1&scale=80";"https://t.prcdn.co/img?file=eag82024071200000000001001&page=1&scale=80";"data/raw/images/trome/2024/07/12/trome_2024-07-12_1.jpg"
"56";"trome";"2021";"interior";"80";2021-06-15;"default";20;"https://t.prcdn.co/img?file=eag82021061500000000001001&page=20&scale=80";"https://t.prcdn.co/img?file=eag82021061500000000001001&page=20&scale=80";"data/raw/images/trome/2021/06/15/trome_2021-06-15_20.jpg"
"57";"trome";"2022";"back";"78";2022-04-15;"default";28;"https://t.prcdn.co/img?file=eag82022041500000000001001&page=28&scale=78";"https://t.prcdn.co/img?file=eag82022041500000000001001&page=28&scale=78";"data/raw/images/trome/2022/04/15/trome_2022-04-15_28.jpg"
"58";"trome";"2021";"front";"80";2021-05-22;"default";1;"https://t.prcdn.co/img?file=eag82021052200000000001001&page=1&scale=80";"https://t.prcdn.co/img?file=eag82021052200000000001001&page=1&scale=80";"data/raw/images/trome/2021/05/22/trome_2021-05-22_1.jpg"
"59";"trome";"2019";"interior";NA;2019-12-23;"default";20;NA;NA;NA
"60";"trome";"2023";"interior";"80";2023-12-28;"default";17;"https://t.prcdn.co/img?file=eag82023122800000000001001&page=17&scale=80";"https://t.prcdn.co/img?file=eag82023122800000000001001&page=17&scale=80";"data/raw/images/trome/2023/12/28/trome_2023-12-28_17.jpg"
"61";"publimetro";"2017";"back";NA;2017-07-27;"default";16;NA;NA;NA
"62";"publimetro";"2015";"front";NA;2015-04-15;"default";1;NA;NA;NA
"63";"publimetro";"2018";"back";NA;2018-03-08;"default";16;NA;NA;NA
"64";"publimetro";"2019";"interior";NA;2019-11-07;"default";16;NA;NA;NA
"65";"publimetro";"2013";"interior";NA;2013-08-14;"default";12;NA;NA;NA
"66";"publimetro";"2019";"back";NA;2019-02-28;"default";16;NA;NA;NA
"67";"publimetro";"2014";"front";NA;2014-01-20;"default";1;NA;NA;NA
"68";"publimetro";"2019";"front";NA;2019-11-12;"default";1;NA;NA;NA
"69";"publimetro";"2015";"back";NA;2015-11-13;"default";20;NA;NA;NA
"70";"publimetro";"2016";"interior";NA;2016-04-25;"default";5;NA;NA;NA
