newspaper,page_position,rank,config_id,detector,binarization,ocr_extractor,llm_extractor,gold_articles,predicted_articles,tp,fp,fn,detection_precision,detection_recall,detection_f1,matched_pairs_for_error_mean,matched_title_cer_mean,matched_title_wer_mean,matched_body_cer_mean,matched_body_wer_mean,total_pipeline_seconds,f1_per_sec,wer_x_sec
correo,back,1,2,none,none_color,docling_rapidocr,qwen,1,0.5,0.5,0,0.5,0.5,0.5,0.5,0.5,0.8163265306122449,1,0.27837837837837837,0.34520123839009287,17.651289660499998,0.02832654211770704,6.093247049986841
correo,front,1,0,none,none_color,docling_easyocr,mistral,4,3,2,1,2,0.666667,0.5,0.571429,3,0.9907478142772262,1,0.14262820512820512,0.15625,43.275267241,0.013204516954631646,6.76176050640625
correo,interior,1,33,ppdoclayout,otsu,docling_rapidocr,mistral,4,5,4,1,0,0.8,1,0.888889,4,0.13604323308270677,0.19166666666666665,0.4076565527215881,0.4944472107955531,49.34054947,0.018015385105114436,24.396297064561505
elcomercio,back,1,24,ppdoclayout,basic,docling_rapidocr,qwen,5,4,4,0,1,1,0.8,0.888889,4,0.5833333333333334,0.625,0.14444368879657732,0.17685838307107976,44.249959706,0.020087905297673583,7.825976324563592
elcomercio,front,1,23,doclayout,none_color,docling_rapidocr,qwen,9.4,4.8,4,0.8,5.4,0.8916666,0.4139608,0.553243,4.8,0.503207170812065,0.7385894660894661,0.26592920075999366,0.32645477824997277,185.6525338124,0.0029799916469712526,60.60715675727261
elcomercio,interior,1,9,doclayout,none_color,docling_rapidocr,qwen,3.5,4,2.25,1.75,1.25,0.77083325,0.58333325,0.590909,2.75,1.6175588708497879,1.576388888888889,0.30675879355021674,0.3467746805402101,46.240496623249996,0.0127790366270177,16.03503344454818
gestion,back,1,25,histogram,none_grayscale,docling_rapidocr,qwen,2.25,1.5,1,0.5,1.25,0.75,0.45833325,0.54166675,1.25,0.25833333333333336,0.29545454545454547,0.5678399027877304,0.674929916353844,21.935569525,0.024693534826285758,14.804972104682179
gestion,front,1,27,ppdoclayout,basic,docling_rapidocr,qwen,8.666666666666666,6.333333333333333,4.666666666666667,1.6666666666666667,4,0.75,0.5280423333333333,0.614567,6.333333333333333,0.3297003571860499,0.4401515151515151,0.3349565388689761,0.3953474387319417,51.044549842,0.01203981623703786,20.180332041259643
gestion,interior,1,6,none,otsu,docling_rapidocr,qwen,6,4.333333333333333,3.3333333333333335,1,2.6666666666666665,0.8222223333333334,0.5476193333333333,0.649573,4.333333333333333,0.5284138665364719,0.6523569023569022,0.26252053700468264,0.36820786714392645,22.637892021333332,0.02869405858937131,8.335449937809656
ojo,back,1,52,none,none_grayscale,docling_rapidocr,mistral,2,3,2,1,0,0.666667,1,0.8,2,0.8896208401527552,1,0.19190172010813308,0.26733795678847694,14.863449203,0.05382330770427971,3.973564140759336
ojo,front,1,12,none,none_grayscale,docling_rapidocr,mistral,5,5,3,2,2,0.6,0.6,0.6,5,1.3668544889190737,1.45,0.5127525098874354,0.5211538461538462,20.352075847,0.029481022206805655,10.606562604878846
ojo,interior,1,6,ppdoclayout,none_grayscale,docling_rapidocr,qwen,8,4,4,0,4,1,0.5,0.666667,4,0.8174414927261228,1,0.00383063845637092,0.02831840981635783,71.687369362,0.00929964379964243,2.0300723042497304
peru21,back,1,0,ppdoclayout,none_color,docling_rapidocr,qwen,8,6,5,1,3,0.833333,0.625,0.714286,6,1.8708839053666635,1.8842592592592593,0.12597751642640645,0.16623529084829392,31.237253455,0.02286647899531217,5.192733913393799
peru21,front,1,13,histogram,basic,docling_easyocr,mistral,7,7,6,1,1,0.857143,0.857143,0.857143,6,0.6401786119421973,0.719047619047619,0,0,83.721798363,0.010237990783279752,0
peru21,interior,1,7,doclayout,basic,docling_rapidocr,mistral,1.25,1.5,0.75,0.75,0.5,0.5,0.5,0.5,1.25,0.16666666666666666,0.25,0.6123849151907197,0.6448145730691568,30.11763102625,0.016601571337540085,19.420287392045783
publimetro,back,1,27,histogram,none_color,docling_easyocr,mistral,4,6,4,2,0,0.666667,1,0.8,4,0.7574626865671642,0.7678571428571428,0.09661981902692592,0.11362293144208038,81.014496493,0.009874775930615375,9.2051045808388
publimetro,front,1,21,histogram,adaptive_mean,docling_easyocr,qwen,6.333333333333333,4.666666666666667,4.666666666666667,0,1.6666666666666667,1,0.7380953333333333,0.8474746666666667,4.666666666666667,0.3844264985224357,0.5762433862433862,0,0,158.15442031733335,0.005358526590443868,0
publimetro,interior,1,3,histogram,otsu,docling_rapidocr,qwen,4.333333333333333,2.6666666666666665,2,0.6666666666666666,2.3333333333333335,0.8333333333333334,0.595238,0.6767676666666667,2.6666666666666665,0.3888983603079348,0.6101190476190476,0.4284389413283113,0.5823085949891987,28.837881881666664,0.023468008831013125,16.792546480977787
trome,back,1,7,doclayout,otsu,docling_rapidocr,qwen,2,2,2,0,0,1,1,1,2,1.3095238095238095,1.25,0.03353489866211385,0.11970845910329088,16.915555411,0.059117183899838784,2.024935073127144
trome,front,1,3,histogram,none_grayscale,docling_easyocr,mistral,4,4,3,1,1,0.75,0.75,0.75,4,0.92209577029667,1,0.25,0.25,31.134191938,0.02408927141881616,7.7835479845
trome,interior,1,34,ppdoclayout,basic,docling_rapidocr,mistral,5,4,4,0,1,1,0.8,0.888889,4,2.3611721611721608,2.6666666666666665,0.13080739675980615,0.22156411922493796,25.080044531,0.035442082206086016,5.556837976633237
