newspaper,page_position,scale,rank,config_id,detector,binarization,ocr_extractor,llm_extractor,gold_articles,predicted_articles,tp,fp,fn,detection_precision,detection_recall,detection_f1,matched_pairs_for_error_mean,matched_title_cer_mean,matched_title_wer_mean,matched_body_cer_mean,matched_body_wer_mean,total_pipeline_seconds,f1_per_sec,wer_x_sec
correo,back,78,1,2,none,none_grayscale,docling_rapidocr,qwen,1,1,1,0,0,1,1,1,1,0.8163265306122449,1,0.27837837837837837,0.34520123839009287,17.377308102,0.057546312359214445,5.998668276696595
correo,back,78,2,2,none,none_color,docling_rapidocr,qwen,1,1,1,0,0,1,1,1,1,0.8163265306122449,1,0.27837837837837837,0.34520123839009287,17.941919776,0.05573539579291005,6.193572925770897
correo,back,78,3,27,doclayout,none_color,docling_rapidocr,qwen,1,2,0,2,1,0,0,0,1,1,1,0.5921621621621621,0.6145510835913313,33.711644734,0,20.717527800925694
correo,back,78,4,53,doclayout,none_grayscale,docling_rapidocr,qwen,1,6,0,6,1,0,0,0,1,0.9387755102040816,1,0.6132432432432432,0.651702786377709,33.824387412,0,22.043447523919504
correo,back,78,5,29,ppdoclayout,none_color,docling_rapidocr,qwen,1,4,0,4,1,0,0,0,1,1.163265306122449,1.4444444444444444,0.6267567567567568,0.6594427244582043,41.137588713,0,27.127883578541795
correo,back,80,1,24,none,none_color,docling_rapidocr,mistral,1,2,1,1,0,0.5,1,0.666667,1,0,0,0.5983698707138843,0.694017094017094,20.56630578,0.0324154958664628,14.273367772102564
correo,back,80,2,53,none,none_grayscale,docling_rapidocr,qwen,1,1,0,1,1,0,0,0,1,1.4375,1.625,0.32996065205171443,0.39658119658119656,17.102087518,0,6.782366331924786
correo,back,80,3,53,none,none_color,docling_rapidocr,qwen,1,1,0,1,1,0,0,0,1,1.4375,1.625,0.32996065205171443,0.39658119658119656,20.057746908,0,7.954525269497435
correo,back,80,4,26,none,none_grayscale,docling_rapidocr,qwen,1,1,0,1,1,0,0,0,1,0.8125,1,0.35328836424957843,0.4393162393162393,20.4066957,0,8.964992811794872
correo,back,80,5,26,none,none_color,docling_rapidocr,qwen,1,1,0,1,1,0,0,0,1,0.8125,1,0.35328836424957843,0.4393162393162393,20.431964016,0,8.976093593353845
correo,front,80,1,0,histogram,none_grayscale,docling_rapidocr,mistral,4,4,4,0,0,1,1,1,4,0.9706582633053222,1,0.01081730769230769,0.015625,13.776877073,0.07258539033928128,0.215263704265625
correo,front,80,2,12,none,none_grayscale,docling_rapidocr,mistral,4,4,4,0,0,1,1,1,4,0.9840511204481792,1,0.01081730769230769,0.015625,28.734551056,0.03480130933840333,0.44897736025
correo,front,80,3,12,histogram,none_grayscale,docling_rapidocr,mistral,4,4,4,0,0,1,1,1,4,0.9840511204481792,1,0.01081730769230769,0.015625,31.515627219,0.03173029027951963,0.492431675296875
correo,front,80,4,48,histogram,none_color,docling_rapidocr,mistral,4,4,4,0,0,1,1,1,4,0.9479309905780494,1,0.046875,0.0859375,68.023202313,0.014700866263229256,5.845743948773437
correo,front,80,5,24,histogram,none_color,docling_rapidocr,qwen,4,3,3,0,1,1,0.75,0.857143,3,0.7949134199134199,0.9629629629629628,0,0,10.578212478,0.08102909653049985,0
correo,front,NA,1,5,none,basic,docling_rapidocr,qwen,4.5,2,2,0,2.5,0.5,0.5,0.5,2,1.2058767364285337,1.4090909090909092,0,0,52.805413011,0.009468726243952378,0
correo,front,NA,2,8,none,basic,docling_easyocr,mistral,4,4,2,2,2,0.5,0.5,0.5,2,0.9878048780487804,1,0,0,61.071276606,0.008187154875208177,0
correo,front,NA,3,8,histogram,basic,docling_easyocr,mistral,4,4,2,2,2,0.5,0.5,0.5,2,0.9878048780487804,1,0,0,70.270632945,0.0071153478920752584,0
correo,front,NA,4,36,histogram,none_grayscale,docling_rapidocr,qwen,4.5,2,2,0,2.5,0.5,0.4,0.4444445,2,1.0154496535456288,1.0833333333333337,0,0,13.078745813000001,0.03398219572080309,0
correo,front,NA,5,36,none,none_grayscale,docling_rapidocr,qwen,4.5,2,2,0,2.5,0.5,0.4,0.4444445,2,1.0154496535456288,1.0833333333333337,0,0,13.15774418,0.033778168500613,0
correo,interior,78,1,2,doclayout,none_grayscale,docling_rapidocr,qwen,4.5,4.5,3.5,1,1,0.8,0.775,0.7777780000000001,4,1.466091967558014,2.122499028749029,0.4821745594279326,0.549642715061655,45.9282190645,0.01693464314189313,25.244111024558244
correo,interior,78,2,26,ppdoclayout,none_color,docling_rapidocr,mistral,4.5,4.5,3.5,1,1,0.775,0.775,0.775,4.5,0.6008976586415156,0.9121212121212121,0.7278805526043702,0.7744011475326797,42.185470986,0.018371253938522996,32.66847714076496
correo,interior,78,3,24,ppdoclayout,none_color,docling_rapidocr,qwen,4.5,5,3.5,1.5,1,0.7,0.775,0.7333335000000001,4.5,0.5730689009801085,0.8862276612276611,0.44212840313980895,0.5415938764691492,43.288418028500004,0.01694063986161822,23.444742126272324
correo,interior,78,4,2,none,none_grayscale,docling_rapidocr,mistral,4.5,3.5,3,0.5,1.5,0.9,0.65,0.7333335000000001,3.5,0.14903112794728365,0.3272172272172272,0.48243021018408894,0.5458700051797695,25.397365158,0.028874392892248704,13.863659850349956
correo,interior,78,5,2,none,none_color,docling_rapidocr,mistral,4.5,3.5,3,0.5,1.5,0.9,0.65,0.7333335000000001,3.5,0.14903112794728365,0.3272172272172272,0.48243021018408894,0.5458700051797695,25.537030285,0.028716475322925362,13.939898853948879
correo,interior,80,1,7,doclayout,none_grayscale,docling_rapidocr,mistral,4,1,1,0,3,1,0.25,0.4,1,0.8,1,0.553880266075388,0.7239583333333334,42.655082914,0.009377545949364793,30.880502734614584
correo,interior,80,2,7,doclayout,none_color,docling_rapidocr,mistral,4,1,1,0,3,1,0.25,0.4,1,0.8,1,0.5521064301552107,0.7708333333333334,40.055245134,0.00998620776534629,30.875918124125004
correo,interior,80,3,24,ppdoclayout,none_color,docling_rapidocr,qwen,3,2,1.5,0.5,1.5,0.375,0.375,0.375,1.5,0.5426900584795321,0.6666666666666666,0.4137741712304826,0.5477944435676821,41.534561827999994,0.009028625402452146,22.752402185396747
correo,interior,80,4,1,none,none_grayscale,docling_rapidocr,qwen,3,2.5,1.5,1,1.5,0.3,0.375,0.3333335,2,0.2236842105263158,0.25,0.3874059909191784,0.5052670575176212,24.370397302,0.01367780327375477,12.313558935316916
correo,interior,80,5,0,ppdoclayout,none_grayscale,docling_rapidocr,qwen,3,1,1,0,2,0.5,0.25,0.3333335,1,0.8140350877192982,1,0.5686099185108817,0.6451700078616351,44.002285304,0.007575367908668565,28.38895475551159
correo,interior,NA,1,41,none,otsu,docling_rapidocr,qwen,4,4,4,0,0,1,1,1,4,0.24342105263157895,0.25,0.37035672435401024,0.39800009014414806,118.068398939,0.008469666811664394,46.99123342089724
correo,interior,NA,2,17,none,none_grayscale,docling_rapidocr,qwen,4,4,4,0,0,1,1,1,4,0.3157894736842105,0.2916666666666667,0.4758038786333757,0.5367724633970031,22.120311456,0.04520732006821523,11.873574071346068
correo,interior,NA,3,17,none,none_color,docling_rapidocr,qwen,4,4,4,0,0,1,1,1,4,0.3157894736842105,0.2916666666666667,0.4758038786333757,0.5367724633970031,22.961973863,0.043550262968087415,12.32535527490011
correo,interior,NA,4,27,ppdoclayout,none_color,docling_easyocr,qwen,4,5,4,1,0,0.8,1,0.888889,4,0.3212242562929062,0.369047619047619,0.27851599247258524,0.33072294309346734,136.337774064,0.0065197558497818485,45.09002989325828
correo,interior,NA,5,13,histogram,basic,docling_rapidocr,qwen,4,5,4,1,0,0.8,1,0.888889,4,0.3157894736842105,0.2916666666666667,0.39722096003936685,0.4253633118822373,123.911561814,0.007173575951970368,52.707432313703606
elcomercio,back,200,1,24,ppdoclayout,basic,docling_rapidocr,qwen,5,4,4,0,1,1,0.8,0.888889,4,0.5833333333333334,0.625,0.14444368879657732,0.17685838307107976,44.249959706,0.020087905297673583,7.825976324563592
elcomercio,back,200,2,28,none,none_color,docling_easyocr,qwen,5,4,4,0,1,1,0.8,0.888889,4,0,0,0.21870984629707985,0.2687972311999182,65.412189285,0.013589042191006985,17.582615366532956
elcomercio,back,200,3,28,histogram,none_color,docling_easyocr,qwen,5,4,4,0,1,1,0.8,0.888889,4,0,0,0.2194075207156845,0.2713745507875471,60.373831296,0.014723084172709979,16.38392134727515
elcomercio,back,200,4,49,doclayout,none_color,docling_rapidocr,qwen,5,4,4,0,1,1,0.8,0.888889,4,3.0277777777777777,2.25,0.21648566688946372,0.2818554538520214,191.626249913,0.004638659893430902,54.010903639189486
elcomercio,back,200,5,8,ppdoclayout,none_grayscale,docling_rapidocr,qwen,5,4,4,0,1,1,0.8,0.888889,4,0.8055555555555556,0.875,0.21964169406641024,0.2901112316874661,40.675598521,0.02185312650141053,11.800447986552184
elcomercio,front,200,1,23,histogram,none_grayscale,docling_rapidocr,mistral,11,11,10,1,1,0.909091,0.909091,0.909091,11,0.3436001465676096,0.3636363636363637,0.09013126375631716,0.13323126737760882,159.525594494,0.005698715637973644,21.253797133602113
elcomercio,front,200,2,28,none,otsu,docling_easyocr,qwen,11,11,9,2,2,0.818182,0.818182,0.818182,11,0.27935082461311866,0.4910009182736456,0.16110532748497633,0.213511420828494,55.79630593,0.014663730624505161,11.913148556095626
elcomercio,front,200,3,31,none,none_grayscale,docling_easyocr,qwen,11,11,9,2,2,0.818182,0.818182,0.818182,11,0.3734241922298194,0.540495867768595,0.19498156072062028,0.23366064829479463,53.329686936,0.015341961429135811,12.461049222824201
elcomercio,front,200,4,48,none,otsu,docling_easyocr,qwen,11,9,8,1,3,0.888889,0.727273,0.8,9,0.6791536568084321,1.142087542087542,0.08868501529051988,0.09876543209876544,193.974166729,0.004124260531649427,19.157942392987653
elcomercio,front,200,5,49,none,otsu,docling_easyocr,qwen,11,9,8,1,3,0.888889,0.727273,0.8,9,0.6146720531203774,1.0693602693602695,0.08664627930682976,0.09876543209876544,200.59686548,0.003988098209240273,19.812036096790123
elcomercio,front,NA,1,23,doclayout,none_color,docling_rapidocr,qwen,9,4,3.75,0.25,5.25,0.95833325,0.40381475,0.55997475,4,0.4740859530316336,0.6763618326118326,0.24738215018195103,0.3160545839235771,179.502110389,0.0031195998129853494,56.7324648123994
elcomercio,front,NA,2,6,ppdoclayout,none_color,docling_easyocr,qwen,9,5.75,4,1.75,5,0.7125,0.4503245,0.54656875,5.75,0.6666526428505071,0.7521806607744108,0.30494646215590693,0.3942338169315429,115.56598383725,0.004729495062922022,45.56001891560806
elcomercio,front,NA,3,22,doclayout,none_grayscale,docling_rapidocr,qwen,9,4.5,3.75,0.75,5.25,0.85,0.41055175,0.5375,4,0.24652298029271583,0.3370951964701965,0.23246242048282523,0.3388731112200792,178.90852915925,0.003004328538867818,60.627289900003305
elcomercio,front,NA,4,23,doclayout,none_grayscale,docling_rapidocr,qwen,9,4,3.5,0.5,5.5,0.91666675,0.37881475,0.52872475,4,0.4594806662251884,0.6578433140933141,0.259061801633327,0.32038833496785446,179.4443321525,0.002946455558990102,57.49187079775811
elcomercio,front,NA,5,28,doclayout,otsu,docling_easyocr,qwen,9,4.75,3.5,1.25,5.5,0.775,0.39805175,0.5153845,4.75,0.39155373476454636,0.5937767094017095,0.30346910717922393,0.3461928144636955,98.1865676525,0.005249032656116862,33.99148419814902
elcomercio,interior,200,1,9,doclayout,none_color,docling_rapidocr,qwen,4.5,3.5,3,0.5,1.5,0.9166665,0.583333,0.6666665,3.5,3.0723270440251573,2.986111111111111,0.11583111720660229,0.15540244425573702,34.205271624000005,0.019490168279565304,5.315582816801004
elcomercio,interior,200,2,39,none,otsu,docling_easyocr,mistral,4.5,3.5,3,0.5,1.5,0.9166665,0.583333,0.6666665,3,1.385310452290926,1.0622710622710623,0.25958395230468057,0.4098158485726965,133.0803947565,0.005009501972246279,54.538454905524475
elcomercio,interior,200,3,36,doclayout,none_grayscale,docling_rapidocr,qwen,4.5,3,2.5,0.5,2,0.9,0.5,0.6136364999999999,3,3.028125,3,0.0806511350655481,0.08817598154988916,34.777810755000004,0.017644483269027435,3.066567599478417
elcomercio,interior,200,4,37,doclayout,none_color,docling_rapidocr,qwen,4.5,3,2.5,0.5,2,0.9,0.5,0.6136364999999999,3,3.028125,3,0.07590638418930176,0.09124314293941176,33.980834103,0.018058311874864338,3.1005181032604665
elcomercio,interior,200,5,37,doclayout,none_grayscale,docling_rapidocr,qwen,4.5,3,2.5,0.5,2,0.9,0.5,0.6136364999999999,3,2.9975694444444443,2.9666666666666663,0.10074057229257678,0.104448185218637,35.676706853,0.01719991989530839,3.7263672853731595
elcomercio,interior,NA,1,51,none,none_color,docling_rapidocr,qwen,2.5,2,2,0,0.5,1,0.8333335,0.9,2,0.21118067978533095,0.3125,0.46982770011298164,0.589475447768854,22.857353942,0.03937463637670961,13.473848949771629
elcomercio,interior,NA,2,44,none,none_grayscale,docling_rapidocr,qwen,2.5,2.5,2,0.5,0.5,0.8333335,0.8333335,0.8333335,2.5,0.3565891472868217,0.35000000000000003,0.4633332789287548,0.5607351936173439,21.153923817,0.039393802644325744,11.861749567292037
elcomercio,interior,NA,3,44,none,none_color,docling_rapidocr,qwen,2.5,2.5,2,0.5,0.5,0.8333335,0.8333335,0.8333335,2.5,0.3565891472868217,0.35000000000000003,0.4633332789287548,0.5607351936173439,22.7383540345,0.03664880486668543,12.75019535207507
elcomercio,interior,NA,4,17,none,none_color,docling_easyocr,qwen,2.5,2.5,2,0.5,0.5,0.8333335,0.8333335,0.8333335,2.5,0.11752073584454349,0.4011363636363636,0.5316883181167746,0.6475502084993836,71.5978078705,0.011639092379856969,46.363175414641084
elcomercio,interior,NA,5,17,none,none_grayscale,docling_easyocr,qwen,2.5,2.5,2,0.5,0.5,0.8333335,0.8333335,0.8333335,2.5,0.11752073584454349,0.4011363636363636,0.5316883181167746,0.6475502084993836,71.708837853,0.011621071055541261,46.435072902958645
gestion,back,80,1,41,none,none_grayscale,docling_rapidocr,llama,1,3,1,2,0,0.333333,1,0.5,1,0,0,0.5777149777957207,0.7246913580246913,29.14351945,0.017156472843227587,21.120056687839504
gestion,back,80,2,41,none,none_color,docling_rapidocr,llama,1,3,1,2,0,0.333333,1,0.5,1,0,0,0.5777149777957207,0.7246913580246913,29.326399852,0.017049484509633766,21.25258853472099
gestion,back,80,3,39,none,none_color,docling_rapidocr,qwen,1,1,0,1,1,0,0,0,1,1,1,0.5046427129592249,0.6123456790123457,26.260170566,0,16.080301976217285
gestion,back,80,4,27,none,none_grayscale,docling_rapidocr,qwen,1,1,0,1,1,0,0,0,1,1,1,0.5012111425111021,0.6222222222222222,19.815460721,0,12.329620004177778
gestion,back,80,5,12,none,none_grayscale,docling_rapidocr,qwen,1,1,0,1,1,0,0,0,1,1,1,0.5320952765442067,0.6481481481481481,28.46378276,0,18.448748085185187
gestion,back,NA,1,25,histogram,none_grayscale,docling_rapidocr,qwen,2.6666666666666665,1.3333333333333333,1.3333333333333333,0,1.3333333333333333,1,0.611111,0.7222223333333333,1.3333333333333333,0.011111111111111112,0.060606060606060615,0.4968588018868031,0.579330423451216,21.071223985,0.034275290977280805,12.20720111386547
gestion,back,NA,2,37,histogram,none_grayscale,docling_rapidocr,qwen,2.6666666666666665,2.3333333333333335,1.3333333333333333,1,1.3333333333333333,0.8,0.611111,0.648148,2,0.11666666666666665,0.15151515151515152,0.6007938084011749,0.7267930193099662,21.027760713333333,0.030823443772071305,15.282829698171021
gestion,back,NA,3,1,none,none_color,docling_rapidocr,qwen,2.6666666666666665,1,1,0,1.6666666666666667,0.6666666666666666,0.5,0.5555556666666667,1,0,0,0.4653429857491167,0.5638535910700057,44.372964819,0.012520138533289621,25.019855559616175
gestion,back,NA,4,8,histogram,otsu,docling_rapidocr,qwen,2.6666666666666665,2,1.3333333333333333,0.6666666666666666,1.3333333333333333,0.5333333333333333,0.5833333333333334,0.5555556666666667,1.6666666666666667,0.07627118644067797,0.1,0.47908731019754525,0.5904688588395949,18.543930826666667,0.02995889446846743,10.949613673622252
gestion,back,NA,5,33,histogram,none_grayscale,docling_rapidocr,qwen,2.6666666666666665,2,1.3333333333333333,0.6666666666666666,1.3333333333333333,0.5333333333333333,0.5833333333333334,0.5555556666666667,1.6666666666666667,0,0,0.4757582548504192,0.6213952416537774,20.482011758,0.027124077128296446,12.727424645917917
gestion,front,80,1,17,ppdoclayout,none_color,docling_rapidocr,mistral,9,7,6,1,3,0.857143,0.666667,0.75,7,0.03003956581319552,0.11277056277056276,0.2280997988838091,0.27815934065934067,38.210997843,0.019627856961013514,10.628745965944368
gestion,front,80,2,17,ppdoclayout,none_grayscale,docling_rapidocr,mistral,9,7,6,1,3,0.857143,0.666667,0.75,7,0.04006462846983712,0.12705627705627703,0.22636819715220735,0.27815934065934067,38.701218151,0.019379234965518025,10.765105323595467
gestion,front,80,3,53,none,none_color,docling_easyocr,qwen,8,5,4.5,0.5,3.5,0.9,0.5634925,0.6904764999999999,5,0.6306521627856915,0.8460606060606061,0.12846671473203555,0.18601190476190477,44.7552445715,0.015427834360214696,8.325008290829613
gestion,front,80,4,39,ppdoclayout,none_color,docling_easyocr,qwen,8,4.5,4,0.5,4,0.9,0.5079365,0.649351,4.5,0.33387001225444224,0.4916666666666667,0.16627990430622008,0.16919642857142858,54.303013191,0.011957918388728037,9.187875892584374
gestion,front,80,5,12,histogram,none_grayscale,docling_easyocr,qwen,8,4.5,4,0.5,4,0.9,0.5079365,0.641026,4.5,0.7676938749671756,0.9204545454545454,0.10156612993671392,0.14642857142857144,60.1246430545,0.010661618388635451,8.803965590123214
gestion,front,NA,1,3,ppdoclayout,none_color,docling_rapidocr,qwen,10,12,9,3,1,0.75,0.9,0.818182,10,0.5181336696090795,0.5966666666666667,0.11297005979694424,0.14241183767499557,57.387419147,0.014257166678016943,8.172647820149498
gestion,front,NA,2,36,doclayout,none_grayscale,docling_rapidocr,qwen,10,12,9,3,1,0.75,0.9,0.818182,10,0.09090909090909093,0.1,0.2257720125339619,0.28149477228424596,34.568592274,0.02366836327944362,9.730878010356573
gestion,front,NA,3,26,doclayout,none_grayscale,docling_easyocr,mistral,10,13,9,4,1,0.692308,0.9,0.782609,10,0.31837251133667455,0.7602380952380952,0.19442744778465756,0.27787598204264874,121.220679941,0.006456068390153462,33.68431548248299
gestion,front,NA,4,6,ppdoclayout,none_grayscale,docling_easyocr,qwen,10,8,7,1,3,0.875,0.7,0.777778,7,0.3778181509623152,0.5319727891156463,0.2801794659042713,0.4323000261596753,154.198586685,0.005044002132061434,66.66005305771046
gestion,front,NA,5,24,ppdoclayout,none_color,docling_rapidocr,qwen,10,11,8,3,2,0.727273,0.8,0.761905,10,0.48438618341924816,0.675,0.13927417066056777,0.20234006734006735,73.490937396,0.010367332721510086,14.870161221591315
gestion,interior,NA,1,6,none,otsu,docling_rapidocr,qwen,6,4.333333333333333,3.3333333333333335,1,2.6666666666666665,0.8222223333333334,0.5476193333333333,0.649573,4.333333333333333,0.5284138665364719,0.6523569023569022,0.26252053700468264,0.36820786714392645,22.637892021333332,0.02869405858937131,8.335449937809656
gestion,interior,NA,2,9,none,none_color,docling_rapidocr,qwen,6,5.666666666666667,3.6666666666666665,2,2.3333333333333335,0.6269843333333334,0.5952383333333333,0.6098903333333333,5.666666666666667,2.093371258380193,1.8154040404040404,0.3806196542262404,0.4634395919693562,22.970180597,0.026551394785854995,10.645291123336103
gestion,interior,NA,3,26,ppdoclayout,none_grayscale,docling_easyocr,qwen,6,5.666666666666667,3.6666666666666665,2,2.3333333333333335,0.6190476666666667,0.6309523333333333,0.6069263333333333,4.666666666666667,1.525323516908267,1.734920634920635,0.40011920602460765,0.47107577098575065,149.9902456163333,0.00404643869232548,70.65677059405633
gestion,interior,NA,4,6,histogram,otsu,docling_rapidocr,qwen,6,4.666666666666667,3,1.6666666666666667,3,0.7916666666666666,0.5,0.59798,4.333333333333333,0.5851094167680752,0.6226190476190476,0.3354361409304072,0.3676283515821332,29.909610510666667,0.019992904948954192,10.995620808500032
gestion,interior,NA,5,7,ppdoclayout,basic,docling_rapidocr,qwen,6,5,3.3333333333333335,1.6666666666666667,2.6666666666666665,0.711111,0.5476193333333333,0.59798,4.333333333333333,1.0211715966026311,1.1055555555555556,0.44727473239608573,0.5146886186163466,60.07196856633333,0.009954393276452925,30.9183585189707
ojo,back,80,1,52,none,none_grayscale,docling_rapidocr,mistral,2,3,2,1,0,0.666667,1,0.8,2,0.8896208401527552,1,0.19190172010813308,0.26733795678847694,14.863449203,0.05382330770427971,3.973564140759336
ojo,back,80,2,53,ppdoclayout,none_grayscale,docling_rapidocr,qwen,2,1,1,0,1,1,0.5,0.666667,1,0.8717948717948718,1,0.05242334322453017,0.09316770186335405,18.386203321,0.03625908994700168,1.713000309409938
ojo,back,80,3,53,ppdoclayout,none_color,docling_rapidocr,qwen,2,1,1,0,1,1,0.5,0.666667,1,0.8717948717948718,1,0.05440158259149357,0.11180124223602483,18.278559478,0.03647262251723927,2.0435656559254656
ojo,back,80,4,2,doclayout,none_grayscale,docling_rapidocr,mistral,2,1,1,0,1,1,0.5,0.666667,1,0.858974358974359,1,0.06254606807423697,0.12346149449376975,9.9647725445,0.06690238006164657,1.2302657106344548
ojo,back,80,5,2,doclayout,none_color,docling_rapidocr,mistral,2,1,1,0,1,1,0.5,0.666667,1,0.858974358974359,1,0.06254606807423697,0.12346149449376975,10.374696575000002,0.06425893954397408,1.2808755440688946
ojo,front,80,1,12,none,none_grayscale,docling_rapidocr,mistral,5,5,3,2,2,0.6,0.6,0.6,5,1.3668544889190737,1.45,0.5127525098874354,0.5211538461538462,20.352075847,0.029481022206805655,10.606562604878846
ojo,front,80,2,41,none,none_color,docling_rapidocr,mistral,5,5,3,2,2,0.6,0.6,0.6,4,0.6869432930593526,1.0625,0.5493918593448941,0.5276442307692308,19.440075667,0.030864077397523434,10.257443771409857
ojo,front,80,3,41,none,none_grayscale,docling_rapidocr,mistral,5,5,3,2,2,0.6,0.6,0.6,4,0.6869432930593526,1.0625,0.5936115125240848,0.5661057692307692,19.189558537,0.0312670038158054,10.863319796787259
ojo,front,80,4,41,histogram,none_color,docling_rapidocr,mistral,5,5,3,2,2,0.6,0.6,0.6,4,0.6869432930593526,1.0625,0.5936115125240848,0.5661057692307692,20.650550081,0.029054916098919973,11.690395538643026
ojo,front,80,5,41,histogram,none_grayscale,docling_rapidocr,mistral,5,5,3,2,2,0.6,0.6,0.6,4,0.6869432930593526,1.0625,0.5936115125240848,0.5661057692307692,20.737376405,0.028933264665791266,11.739548421580526
ojo,interior,80,1,2,ppdoclayout,none_color,docling_rapidocr,qwen,6.5,5.25,3.5,1.75,3,0.68035725,0.54285725,0.6030305,4.75,0.6191729488767417,0.7429846938775511,0.25419836877589963,0.3464378168125265,50.67215231625,0.01190062928916905,17.554749821633457
ojo,interior,80,2,2,doclayout,none_grayscale,docling_rapidocr,qwen,6.5,3.75,3,0.75,3.5,0.825,0.45714275,0.58306725,3.75,0.6311730904428872,0.8083333333333333,0.2748234781438879,0.3379422244811989,53.744909999,0.010848790146096604,18.16267443960389
ojo,interior,80,3,53,doclayout,none_color,docling_rapidocr,qwen,6.5,4.25,3,1.25,3.5,0.75,0.45714275,0.55806725,3.75,1.0580060421659538,1.2234027777777778,0.20345442036390984,0.31529019738921604,50.63494400525,0.011021385743847919,15.964701490207174
ojo,interior,80,4,14,doclayout,none_grayscale,docling_rapidocr,qwen,6.5,4.25,3,1.25,3.5,0.70416675,0.45714275,0.55157375,4.25,0.921221655912038,1.155,0.27971994909175646,0.3392389629950156,61.436777349,0.008977908246500462,20.841748637630424
ojo,interior,80,5,14,doclayout,none_color,docling_rapidocr,qwen,6.5,4,2.75,1.25,3.75,0.69166675,0.42589275,0.5227275,4,0.9576865939571648,1.1483333333333334,0.29173061017957375,0.36338997849828225,61.413166757,0.008511651940508645,22.316929347337652
ojo,interior,NA,1,52,ppdoclayout,basic,docling_rapidocr,qwen,8,5,5,0,3,1,0.625,0.769231,5,0.8549994016787185,1,0.01138518177634606,0.01443053070960047,78.568182511,0.009790617211901309,1.1337805705224802
ojo,interior,NA,2,12,histogram,otsu,docling_easyocr,qwen,7,4,4,0,3,1,0.5833335,0.7333335000000001,4,0.8687520354420242,1.0375,0.3766953580079049,0.4685267046821875,127.084552486,0.005770437757026262,59.542506592276084
ojo,interior,NA,3,26,histogram,none_color,docling_rapidocr,qwen,7,3.5,3.5,0,3.5,1,0.5,0.666667,3.5,0.9087207463630613,1,6.09756097560975e-4,0.002906976744186045,34.172983939999995,0.019508597820152785,0.09934006959302319
ojo,interior,NA,4,6,ppdoclayout,none_grayscale,docling_rapidocr,qwen,8,4,4,0,4,1,0.5,0.666667,4,0.8174414927261228,1,0.00383063845637092,0.02831840981635783,71.687369362,0.00929964379964243,2.0300723042497304
ojo,interior,NA,5,52,ppdoclayout,none_color,docling_rapidocr,qwen,8,4,4,0,4,1,0.5,0.666667,4,0.8476289382361489,1,0.03770793564221434,0.05993761140819964,81.376474661,0.008192379957195453,4.877511516000223
peru21,back,80,1,0,ppdoclayout,none_color,docling_rapidocr,qwen,8,6,5,1,3,0.833333,0.625,0.714286,6,1.8708839053666635,1.8842592592592593,0.12597751642640645,0.16623529084829392,31.237253455,0.02286647899531217,5.192733913393799
peru21,back,80,2,12,histogram,none_color,docling_rapidocr,mistral,8,6.5,5,1.5,3,0.7857145,0.625,0.695238,6.5,0.9636293490460157,1.1433982683982684,0.40296550968534567,0.5176877185754695,18.215596625,0.038167182459772984,9.429990659287272
peru21,back,80,3,12,none,none_color,docling_rapidocr,mistral,8,6.5,5,1.5,3,0.7857145,0.625,0.695238,6.5,0.9636293490460157,1.1433982683982684,0.4097242447006537,0.5279173678676188,17.21328312,0.04038962208157766,9.087191117070512
peru21,back,80,4,26,histogram,none_grayscale,docling_rapidocr,mistral,8,5.5,4.5,1,3.5,0.8166665,0.5625,0.6648354999999999,5.5,0.5345140730916592,0.6501923076923077,0.5986233083405799,0.7057653764197237,11.857302498,0.05606970895042438,8.3684735608235
peru21,back,80,5,26,histogram,none_color,docling_rapidocr,mistral,8,5.5,4.5,1,3.5,0.8166665,0.5625,0.6648354999999999,5.5,0.5345140730916592,0.6501923076923077,0.5986233083405799,0.7057653764197237,12.29202969,0.05408671446188151,8.67528896112527
peru21,back,NA,1,0,doclayout,none_color,docling_rapidocr,mistral,3,2,2,0,1,1,0.666667,0.8,2,0.03125,0.2,0.00802780212289414,0.03785526630045378,6.818566001,0.11732672234641028,0.25811863175507516
peru21,back,NA,2,0,doclayout,none_color,docling_rapidocr,qwen,3,2,2,0,1,1,0.666667,0.8,2,0.03125,0.2,0.00802780212289414,0.03785526630045378,7.17241482,0.1115384455691591,0.2715136730284213
peru21,back,NA,3,28,doclayout,none_color,docling_rapidocr,mistral,3,2,2,0,1,1,0.666667,0.8,2,0.03125,0.2,0.00802780212289414,0.03785526630045378,10.337934973,0.07738489380029882,0.39134528139968944
peru21,back,NA,4,51,doclayout,none_color,docling_rapidocr,mistral,3,2,2,0,1,1,0.666667,0.8,2,0.03125,0.2,0.00802780212289414,0.03785526630045378,10.622752655,0.07531004683832583,0.4021271305988774
peru21,back,NA,5,12,doclayout,none_color,docling_rapidocr,mistral,3,2,2,0,1,1,0.666667,0.8,2,0.03125,0.2,0.00802780212289414,0.03785526630045378,40.23554252,0.019882918183651722,1.5231271768378312
peru21,front,NA,1,13,histogram,basic,docling_easyocr,mistral,7,7,6,1,1,0.857143,0.857143,0.857143,6,0.6401786119421973,0.719047619047619,0,0,83.721798363,0.010237990783279752,0
peru21,front,NA,2,13,none,basic,docling_easyocr,mistral,7,7,6,1,1,0.857143,0.857143,0.857143,6,0.6401786119421973,0.719047619047619,0,0,84.437607073,0.010151199562760732,0
peru21,front,NA,3,24,none,otsu,docling_rapidocr,qwen,6,3.6666666666666665,3.6666666666666665,0,2.3333333333333335,0.6666666666666666,0.563492,0.6107226666666666,3.6666666666666665,0.5768543807778315,0.6828240740740741,0,0,9.334113698666666,0.06542910086406013,0
peru21,front,NA,4,24,histogram,otsu,docling_rapidocr,qwen,6,3.6666666666666665,3.6666666666666665,0,2.3333333333333335,0.6666666666666666,0.563492,0.6107226666666666,3.6666666666666665,0.5768543807778315,0.6828240740740741,0,0,9.772135342,0.062496337319625575,0
peru21,front,NA,5,26,histogram,none_grayscale,docling_easyocr,qwen,6,4.666666666666667,3.6666666666666665,1,2.3333333333333335,0.5277776666666667,0.6190476666666667,0.569697,3.6666666666666665,0.6223121803647641,0.6978835978835979,0,0,52.776038926,0.010794614593922093,0
peru21,interior,80,1,41,doclayout,none_color,docling_rapidocr,qwen,1,1,1,0,0,1,1,1,1,0,0,0.6074380165289256,0.6807131280388979,44.042079232,0.02270555835323556,29.980021519351702
peru21,interior,80,2,39,doclayout,none_grayscale,docling_rapidocr,qwen,1,1,1,0,0,1,1,1,1,0,0,0.6161886242100146,0.7358184764991896,44.748927609,0.022346904237295687,32.9270877382269
peru21,interior,80,3,24,doclayout,none_grayscale,docling_rapidocr,qwen,1,1,1,0,0,1,1,1,1,0,0,0.5996596985901799,0.7390599675850892,38.819505701,0.025760245576085215,28.689942625050243
peru21,interior,80,4,29,doclayout,none_grayscale,docling_rapidocr,qwen,1,1,1,0,0,1,1,1,1,0,0,0.6118133203694701,0.773095623987034,37.475860922,0.026683843289987113,28.972424083944897
peru21,interior,80,5,41,doclayout,none_grayscale,docling_rapidocr,qwen,1,1,1,0,0,1,1,1,1,0,0,0.648031113271755,0.8038897893030794,44.552387736,0.022445486107851464,35.81520959004214
peru21,interior,NA,1,7,doclayout,basic,docling_rapidocr,mistral,1.3333333333333333,1.3333333333333333,1,0.3333333333333333,0.3333333333333333,0.6666666666666666,0.6666666666666666,0.6666666666666666,1.3333333333333333,0.2222222222222222,0.3333333333333333,0.4894997702461905,0.5296609218447752,31.454551656333333,0.021194600830765114,16.660246826507613
peru21,interior,NA,2,0,doclayout,none_grayscale,docling_easyocr,mistral,1.3333333333333333,1.3333333333333333,1,0.3333333333333333,0.3333333333333333,0.6666666666666666,0.6666666666666666,0.6666666666666666,1.3333333333333333,0.2333333333333333,0.35185185185185186,0.5976432953192491,0.6836199230721737,251.05604164033335,0.0026554496052389105,171.62691187296912
peru21,interior,NA,3,0,doclayout,none_color,docling_rapidocr,mistral,1.3333333333333333,2,1,1,0.3333333333333333,0.5555556666666667,0.6666666666666666,0.6,1.3333333333333333,0.6198830409356725,0.7666666666666667,0.49292120796724237,0.5227900415849928,212.98083086033333,0.0028171549410165586,111.34425742227997
peru21,interior,NA,4,8,doclayout,none_grayscale,docling_rapidocr,mistral,1.3333333333333333,0.6666666666666666,0.6666666666666666,0,0.6666666666666666,0.6666666666666666,0.5,0.5555556666666667,0.6666666666666666,0.3333333333333333,0.5,0.08928164455991612,0.13891484134399115,26.44170007166667,0.02101058801668984,3.673144570320975
peru21,interior,NA,5,8,doclayout,none_color,docling_rapidocr,mistral,1.3333333333333333,0.6666666666666666,0.6666666666666666,0,0.6666666666666666,0.6666666666666666,0.5,0.5555556666666667,0.6666666666666666,0.3333333333333333,0.5,0.08928164455991612,0.13891484134399115,26.941415427333332,0.02062087896477144,3.7425624496705656
publimetro,back,NA,1,27,histogram,none_color,docling_easyocr,mistral,4,6,4,2,0,0.666667,1,0.8,4,0.7574626865671642,0.7678571428571428,0.09661981902692592,0.11362293144208038,81.014496493,0.009874775930615375,9.2051045808388
publimetro,back,NA,2,53,doclayout,basic,docling_rapidocr,qwen,4,3.6666666666666665,3,0.6666666666666666,1,0.8055556666666667,0.75,0.7738096666666666,3.3333333333333335,0.7225168161798569,0.7557720057720058,0.16920897309639926,0.18370290176287069,26.303355085,0.029418667853058283,4.83200265521366
publimetro,back,NA,3,17,histogram,basic,docling_rapidocr,mistral,4,4,3,1,1,0.75,0.75,0.75,4,0.21610169491525424,0.25,0.30429299095436707,0.40975322083106513,21.006974141,0.035702428867953925,8.607675314189649
publimetro,back,NA,4,30,ppdoclayout,none_grayscale,docling_rapidocr,qwen,4,2.3333333333333335,2.3333333333333335,0,1.6666666666666667,1,0.5833333333333334,0.704762,2.3333333333333335,0.7147033195603901,0.7518037518037518,0.05614986205326868,0.07628404850106628,22.728511056,0.03100783849252426,1.733822839752925
publimetro,back,NA,5,40,ppdoclayout,basic,docling_rapidocr,qwen,4,2.3333333333333335,2.3333333333333335,0,1.6666666666666667,1,0.5833333333333334,0.704762,2.3333333333333335,0.7573221463304944,0.9682539682539683,0.19095037161218326,0.20074811178211385,51.462647641333334,0.013694631588172607,10.331029341305921
publimetro,front,NA,1,21,histogram,adaptive_mean,docling_easyocr,qwen,6.333333333333333,4.666666666666667,4.666666666666667,0,1.6666666666666667,1,0.7380953333333333,0.8474746666666667,4.666666666666667,0.3844264985224357,0.5762433862433862,0,0,158.15442031733335,0.005358526590443868,0
publimetro,front,NA,2,21,none,adaptive_mean,docling_easyocr,qwen,6.333333333333333,4.666666666666667,4.666666666666667,0,1.6666666666666667,1,0.7380953333333333,0.8474746666666667,4.666666666666667,0.3844264985224357,0.5762433862433862,0,0,159.234756354,0.005322171403224419,0
publimetro,front,NA,3,26,none,none_grayscale,docling_easyocr,qwen,6.333333333333333,6.666666666666667,5.333333333333333,1.3333333333333333,1,0.8666666666666667,0.84127,0.8243590000000001,5.333333333333333,0.4233873420273652,0.5066137566137566,0,0,72.67827414033333,0.011342578091607656,0
publimetro,front,NA,4,26,none,none_color,docling_easyocr,qwen,6.333333333333333,6.666666666666667,5.333333333333333,1.3333333333333333,1,0.8666666666666667,0.84127,0.8243590000000001,5.333333333333333,0.4233873420273652,0.5066137566137566,0,0,72.88912297266667,0.011309767032169309,0
publimetro,front,NA,5,5,histogram,otsu,docling_easyocr,qwen,6.333333333333333,5,4.666666666666667,0.3333333333333333,1.6666666666666667,0.9444443333333333,0.7301586666666666,0.8076923333333333,5,0.3527120884451812,0.4662698412698413,0.05555555555555555,0.05555555555555555,68.75812017833333,0.01174686467923317,3.8198955654629625
publimetro,interior,NA,1,3,histogram,otsu,docling_rapidocr,qwen,4.333333333333333,2.6666666666666665,2,0.6666666666666666,2.3333333333333335,0.8333333333333334,0.595238,0.6767676666666667,2.6666666666666665,0.3888983603079348,0.6101190476190476,0.4284389413283113,0.5823085949891987,28.837881881666664,0.023468008831013125,16.792546480977787
publimetro,interior,NA,2,25,doclayout,none_color,docling_rapidocr,qwen,4.333333333333333,5,3,2,1.3333333333333333,0.65,0.702381,0.6740740000000001,4,0.42533380553262884,0.5901234567901236,0.45727913518389657,0.4861445026082272,51.99405117166667,0.012964444677996663,25.27662214543661
publimetro,interior,NA,3,29,histogram,otsu,docling_easyocr,qwen,4.333333333333333,4.333333333333333,2,2.3333333333333335,2.3333333333333335,0.7083333333333334,0.6309523333333333,0.663492,4,0.4763719003080706,0.7108843537414965,0.5082350605477683,0.6469467617222786,93.60205958366667,0.007088433768991315,60.555549338188925
publimetro,interior,NA,4,12,histogram,none_grayscale,docling_easyocr,mistral,4.333333333333333,6.666666666666667,3.3333333333333335,3.3333333333333335,1,0.5324076666666667,0.8214286666666667,0.6416666666666667,4.333333333333333,0.4211872323574451,0.6235827664399093,0.33734164033880154,0.3996675244078962,130.204768968,0.004928134904370262,52.038617679542625
publimetro,interior,NA,5,53,doclayout,otsu,docling_easyocr,qwen,3.75,2.5,1.75,0.75,2,0.7083335,0.6339285,0.63333325,2.25,1.03129010469436,1.0833333333333333,0.26857131770264703,0.3812855378559724,111.5237610325,0.005678908639168252,42.5223972089977
trome,back,78,1,12,none,none_color,docling_rapidocr,qwen,1,1,1,0,0,1,1,1,1,0.76,1,0.17095943335479716,0.2553606237816764,19.500151243,0.0512816535389166,4.979570785249512
trome,back,78,2,0,none,none_color,docling_rapidocr,qwen,1,1,1,0,0,1,1,1,1,0.76,1,0.17997424339987125,0.28460038986354774,13.553193325,0.07378334950446079,3.8572441041910333
trome,back,78,3,53,histogram,none_grayscale,docling_rapidocr,qwen,1,1,1,0,0,1,1,1,1,0.76,1,0.1497102382485512,0.28460038986354774,14.779178816,0.06766275802261733,4.206160052896686
trome,back,78,4,53,histogram,none_color,docling_rapidocr,qwen,1,1,1,0,0,1,1,1,1,0.76,1,0.1497102382485512,0.28460038986354774,15.368485885,0.06506821865750766,4.37387707448343
trome,back,78,5,39,none,none_color,docling_rapidocr,qwen,1,1,1,0,0,1,1,1,1,0.76,1,0.18190598840952993,0.2884990253411306,18.458832727,0.0541746065306332,5.3253552506744635
trome,back,NA,1,7,doclayout,otsu,docling_rapidocr,qwen,2,2,2,0,0,1,1,1,2,1.3095238095238095,1.25,0.03353489866211385,0.11970845910329088,16.915555411,0.059117183899838784,2.024935073127144
trome,back,NA,2,24,doclayout,none_grayscale,docling_easyocr,qwen,2,2,2,0,0,1,1,1,2,1.3452380952380951,1.5,0.05272128065865164,0.1713538982551719,38.286073467,0.02611915794556295,6.560467937454354
trome,back,NA,3,10,doclayout,otsu,docling_rapidocr,qwen,2,2,2,0,0,1,1,1,2,0.8095238095238095,1,0.0682779003892501,0.19945888242656265,18.836007933,0.05308980562956954,3.7570090916940484
trome,back,NA,4,1,doclayout,basic,docling_easyocr,qwen,2,2,2,0,0,1,1,1,2,1.3452380952380951,1.5,0.06914097278818487,0.21823234926010457,37.410959829,0.02673013482067429,8.16428165155807
trome,back,NA,5,53,none,none_grayscale,docling_rapidocr,qwen,2,2,2,0,0,1,1,1,2,1.3452380952380951,1.5,0.16281630289726612,0.24116542737245084,13.244184796,0.07550483592633193,3.1940394865270556
trome,front,80,1,3,none,none_grayscale,docling_easyocr,mistral,4,4,3,1,1,0.75,0.75,0.75,4,0.92209577029667,1,0.25,0.25,30.764026265,0.02437912364069424,7.69100656625
trome,front,80,2,3,histogram,none_grayscale,docling_easyocr,mistral,4,4,3,1,1,0.75,0.75,0.75,4,0.92209577029667,1,0.25,0.25,31.134191938,0.02408927141881616,7.7835479845
trome,front,80,3,1,none,otsu,docling_rapidocr,mistral,4,7,4,3,0,0.571429,1,0.727273,4,1.0903484945838768,1.125,0,0,8.02689357,0.09060454005745587,0
trome,front,80,4,1,histogram,otsu,docling_easyocr,mistral,4,9,4,5,0,0.444444,1,0.615385,4,0.9782608695652174,1,0,0,32.114674706,0.019162112200533273,0
trome,front,80,5,1,none,otsu,docling_easyocr,mistral,4,9,4,5,0,0.444444,1,0.615385,4,0.9782608695652174,1,0,0,32.70639415,0.01881543398448893,0
trome,front,NA,1,28,none,adaptive_gaussian,docling_rapidocr,qwen,4,3,2,1,2,0.666667,0.5,0.571429,2,0.8368983957219251,1,0,0,7.783239541,0.07341788685673448,0
trome,front,NA,2,31,none,none_color,docling_easyocr,qwen,4,3,2,1,2,0.666667,0.5,0.571429,2,1.5623167155425222,1.9285714285714288,0,0,49.519707059,0.011539426097960836,0
trome,front,NA,3,30,none,none_color,docling_rapidocr,qwen,4,7,3,4,1,0.428571,0.75,0.545455,4,1.396734353565473,1.5892857142857142,0.25,0.25,9.1304874130000009,0.059739965165866216,2.2826218532500002
trome,front,NA,4,31,none,none_color,docling_rapidocr,qwen,4,4,2,2,2,0.5,0.5,0.5,2,0.9002932551319648,0.9285714285714286,0,0,8.424767827,0.05934881652139801,0
trome,front,NA,5,3,none,none_color,docling_easyocr,mistral,4,4,2,2,2,0.5,0.5,0.5,2,1.5784457478005869,1.9285714285714288,0,0,39.643340264,0.012612458906598456,0
trome,interior,80,1,26,ppdoclayout,none_color,docling_rapidocr,qwen,2,1,1,0,1,1,0.5,0.666667,1,1,1,0,0,13.874718625,0.04804904647210458,0
trome,interior,80,2,12,ppdoclayout,none_color,docling_rapidocr,mistral,2,1,1,0,1,1,0.5,0.666667,1,9.93939393939394,11.8,0,0,23.220192626,0.028710657604688557,0
trome,interior,80,3,22,none,basic,docling_rapidocr,mistral,2,1,1,0,1,1,0.5,0.666667,1,0.9090909090909092,1,1,1,26.976007603,0.024713330816449653,26.976007603
trome,interior,80,4,51,ppdoclayout,none_grayscale,docling_rapidocr,mistral,2,2,1,1,1,0.5,0.5,0.5,1,5.181818181818182,5.4,0,0,28.261712467,0.01769178002160445,0
trome,interior,80,5,28,ppdoclayout,none_grayscale,docling_rapidocr,mistral,2,2,1,1,1,0.5,0.5,0.5,1,5.242424242424242,5.4,0,0,29.122274178,0.017168988827724097,0
trome,interior,NA,1,28,ppdoclayout,otsu,docling_rapidocr,mistral,5,4,4,0,1,1,0.8,0.888889,4,3.2283882783882785,3.541666666666667,0.12139349631869542,0.2016561040370564,22.805483179,0.03897698606177819,4.598864888559763
trome,interior,NA,2,34,ppdoclayout,basic,docling_rapidocr,mistral,5,4,4,0,1,1,0.8,0.888889,4,2.3611721611721608,2.6666666666666665,0.13080739675980615,0.22156411922493796,25.080044531,0.035442082206086016,5.556837976633237
trome,interior,NA,3,51,ppdoclayout,otsu,docling_rapidocr,mistral,5,5,4,1,1,0.8,0.8,0.8,5,2.861282051282051,3.0333333333333337,0.2874840958286761,0.3529991305764071,49.8756719,0.016039884166452703,17.606068817614137
trome,interior,NA,4,51,ppdoclayout,basic,docling_rapidocr,mistral,5,3,3,0,2,1,0.6,0.75,3,4.018803418803419,4.388888888888889,0.10155614895765996,0.18351196128973904,50.022940456,0.014993121019339063,9.179807912560394
trome,interior,NA,5,26,doclayout,basic,docling_rapidocr,mistral,5,6,4,2,1,0.666667,0.8,0.727273,5,7.04989010989011,7.966666666666666,0.2918142632429145,0.43037723191440824,32.647842024,0.02227629622396999,14.05088787826801
